,Customer ID,Age,Salary,Product ID,Price,Purchased,Gender_Male
0,1,0.583383343538902,0.09884101640293015,0,-1.3185898653662953,1,0.0
1,2,-0.36331288240114584,-1.2145201102540928,1,-1.3185898653662953,1,1.0
2,3,-1.091540748508875,0.9461707755364933,1,-0.5064836046192442,1,0.0
3,4,-0.6546040288442375,0.6496053598397462,0,1.3884310037905419,0,0.0
4,5,0.07362383726349161,-0.11299142338046066,0,0.3056226561278069,0,0.0
5,6,-0.6546040288442375,1.4122021430599532,1,-0.5064836046192442,1,1.0
6,7,-0.07202173595805421,0.6072388718830681,0,1.3884310037905419,0,0.0
7,8,-0.14484452256882713,-1.6381849898208745,1,-1.3185898653662953,0,0.0
8,9,-1.4556546815627396,-0.4942898149905641,2,-0.5064836046192442,0,0.0
9,10,0.583383343538902,-0.8755882066006676,0,-1.3185898653662953,1,1.0
10,11,-0.7274268154550104,-0.7908552306873112,2,0.3056226561278069,1,0.0
11,12,-0.8002496020657833,-1.0450541584273803,2,-1.3185898653662953,0,1.0
12,13,0.8018517033712207,-0.4095568390772078,0,-1.3185898653662953,0,0.0
13,14,-0.43613566901191875,1.7087675587567002,1,0.3056226561278069,1,1.0
14,15,0.43773777031735617,-0.748488742730633,1,-0.5064836046192442,0,1.0
15,16,-1.2371863217304209,1.4545686310166313,0,0.3056226561278069,1,1.0
16,17,0.9474972765927665,-1.2145201102540928,2,0.3056226561278069,0,1.0
17,18,-0.5817812422334646,0.310673456186321,0,1.3884310037905419,0,0.0
18,19,-1.164363535119648,-0.8332217186439894,1,1.3884310037905419,0,1.0
19,20,1.6757251427004958,-0.4942898149905641,2,0.3056226561278069,0,1.0
20,21,0.07362383726349161,1.7511340467133785,2,1.3884310037905419,0,0.0
21,22,-1.5284774681735125,0.7767048237097808,1,-0.5064836046192442,1,1.0
22,23,-1.6741230413950583,-0.19772439929381697,2,-1.3185898653662953,0,1.0
23,24,-1.164363535119648,-0.3248238631638515,1,-0.5064836046192442,1,1.0
24,25,-1.4556546815627396,-1.002687670470702,0,-0.5064836046192442,0,0.0
25,26,0.8746744899819936,-1.51108552595084,0,-1.3185898653662953,0,0.0
26,27,1.384433996257404,-0.2824573752071733,2,0.3056226561278069,0,0.0
27,28,-0.8730723886765562,-1.6381849898208745,1,-1.3185898653662953,0,0.0
28,29,0.14644662387426452,1.2427361912332404,2,0.3056226561278069,1,1.0
29,30,-1.091540748508875,-1.2992530861674492,1,0.3056226561278069,0,1.0
30,31,-1.3828318949519667,0.4801394080130336,2,-1.3185898653662953,1,0.0
31,32,-1.3100091083411938,-0.6637557668172768,1,1.3884310037905419,0,1.0
32,33,1.6029023560897226,1.3698356551032749,1,1.3884310037905419,0,0.0
33,34,1.1659656364250852,0.8190713116664589,0,-1.3185898653662953,0,0.0
34,35,0.0008010506527187048,0.9461707755364933,0,0.3056226561278069,1,1.0
35,36,0.14644662387426452,1.2003697032765623,2,0.3056226561278069,1,0.0
36,37,1.6757251427004958,-0.028258447467104333,1,-1.3185898653662953,0,1.0
37,38,0.0008010506527187048,0.5648723839263899,1,-1.3185898653662953,1,0.0
38,39,-1.3828318949519667,-1.6381849898208745,1,1.3884310037905419,0,1.0
39,40,-0.8002496020657833,-0.9603211825140239,0,-0.5064836046192442,0,1.0
40,41,-0.9458951752873291,0.3530399441429991,1,1.3884310037905419,0,0.0
41,42,0.9474972765927665,-0.5790227909039204,2,-1.3185898653662953,1,0.0
42,43,-0.14484452256882713,1.3274691671465968,2,-0.5064836046192442,1,1.0
43,44,1.0203200632035394,-1.3839860620808055,2,1.3884310037905419,0,0.0
44,45,1.384433996257404,-1.1721536222974147,2,1.3884310037905419,0,1.0
45,46,-0.36331288240114584,0.3530399441429991,1,0.3056226561278069,1,0.0
46,47,-0.21766730917960003,-1.5958185018641964,2,1.3884310037905419,0,1.0
47,48,-1.6013002547842854,-1.2992530861674492,0,-0.5064836046192442,0,0.0
48,49,-0.5817812422334646,-0.0706249354237825,0,1.3884310037905419,0,0.0
49,50,-0.6546040288442375,0.5225058959697118,2,-0.5064836046192442,1,1.0
50,51,-1.5284774681735125,-0.11299142338046066,2,0.3056226561278069,1,0.0
51,52,0.14644662387426452,1.5393016069299876,0,0.3056226561278069,1,0.0
52,53,-0.5089584556226917,-0.45192332703388594,2,1.3884310037905419,0,0.0
53,54,1.0931428498143123,-0.3248238631638515,2,1.3884310037905419,0,0.0
54,55,1.2387884230358581,-0.8332217186439894,0,-1.3185898653662953,0,1.0
55,56,0.9474972765927665,-1.4687190379941617,2,-1.3185898653662953,0,1.0
56,57,-0.5817812422334646,0.22594048027296462,2,0.3056226561278069,0,1.0
57,58,-1.3100091083411938,-1.002687670470702,0,-1.3185898653662953,0,1.0
58,59,1.0931428498143123,1.5393016069299876,2,0.3056226561278069,1,1.0
59,60,0.8746744899819936,-0.24009088725049513,1,-1.3185898653662953,1,1.0
60,61,-0.36331288240114584,0.22594048027296462,0,-1.3185898653662953,0,0.0
61,62,0.36491498370658326,0.3954064320996773,0,1.3884310037905419,0,0.0
62,63,-0.43613566901191875,1.2003697032765623,2,0.3056226561278069,1,0.0
63,64,0.14644662387426452,-0.5366563029472423,0,-0.5064836046192442,0,0.0
64,65,-0.36331288240114584,-1.2992530861674492,1,0.3056226561278069,0,0.0
65,66,1.4572567828681768,1.0732702394065279,2,1.3884310037905419,0,1.0
66,67,1.6029023560897226,0.09884101640293015,0,0.3056226561278069,1,1.0
67,68,0.6562061301496749,-1.0874206463840583,1,-1.3185898653662953,1,0.0
68,69,1.311611209646631,0.9461707755364933,0,-0.5064836046192442,1,0.0
69,70,1.311611209646631,0.861437799623137,2,-0.5064836046192442,1,0.0
70,71,-0.43613566901191875,0.6072388718830681,1,0.3056226561278069,1,0.0
71,72,1.6757251427004958,-1.3416195741241272,2,-0.5064836046192442,0,0.0
72,73,0.29209219709581036,0.3530399441429991,1,1.3884310037905419,0,0.0
73,74,-0.7274268154550104,0.9885372634931715,0,0.3056226561278069,1,0.0
74,75,1.384433996257404,0.8190713116664589,1,-0.5064836046192442,1,0.0
75,76,-0.29049009579037294,1.5393016069299876,1,-0.5064836046192442,1,0.0
76,77,0.6562061301496749,-0.8755882066006676,1,1.3884310037905419,0,0.0
77,78,1.2387884230358581,1.0309037514498496,1,-1.3185898653662953,1,1.0
78,79,1.4572567828681768,-0.4942898149905641,0,-1.3185898653662953,0,1.0
79,80,0.21926941048503742,1.115636727363206,2,-1.3185898653662953,1,1.0
80,81,-0.07202173595805421,0.5648723839263899,0,-1.3185898653662953,1,1.0
81,82,-0.5817812422334646,1.5816680948866657,0,1.3884310037905419,0,1.0
82,83,0.7290289167604478,-1.1721536222974147,1,-0.5064836046192442,1,0.0
83,84,-0.43613566901191875,-0.19772439929381697,2,-1.3185898653662953,1,0.0
84,85,-1.091540748508875,-1.256886598210771,1,0.3056226561278069,0,0.0
85,86,-1.3100091083411938,0.6496053598397462,0,0.3056226561278069,1,0.0
86,87,0.21926941048503742,0.5648723839263899,1,-0.5064836046192442,1,1.0
87,88,-1.6741230413950583,-0.3248238631638515,0,-0.5064836046192442,0,1.0
88,89,0.583383343538902,0.1412075043596083,0,-0.5064836046192442,0,1.0
89,90,-0.07202173595805421,0.6072388718830681,0,-1.3185898653662953,0,0.0
90,91,0.9474972765927665,-1.4263525500374836,2,-1.3185898653662953,0,1.0
91,92,-0.29049009579037294,1.3274691671465968,1,-1.3185898653662953,1,1.0
92,93,-1.6741230413950583,0.861437799623137,1,-0.5064836046192442,1,1.0
93,94,-1.2371863217304209,1.4545686310166313,0,-0.5064836046192442,1,0.0
94,95,-0.14484452256882713,-0.9179546945573457,1,-0.5064836046192442,1,1.0
95,96,0.8018517033712207,-0.9603211825140239,2,-1.3185898653662953,1,0.0
96,97,-1.5284774681735125,0.18357399231628646,0,0.3056226561278069,0,1.0
97,98,-0.8730723886765562,-0.9179546945573457,2,0.3056226561278069,0,0.0
98,99,-1.0187179618981022,-0.6637557668172768,1,0.3056226561278069,1,0.0
99,100,-0.29049009579037294,-1.256886598210771,2,1.3884310037905419,0,0.0
100,101,1.5300795694789497,1.2851026791899187,2,1.3884310037905419,0,1.0
101,102,-0.21766730917960003,1.4969351189733096,2,1.3884310037905419,0,1.0
102,103,-1.5284774681735125,-1.0450541584273803,2,0.3056226561278069,1,0.0
103,104,-0.21766730917960003,-1.553452013907518,0,-0.5064836046192442,0,0.0
104,105,-0.07202173595805421,-1.4687190379941617,1,-0.5064836046192442,0,0.0
105,106,-0.8730723886765562,0.5225058959697118,2,-0.5064836046192442,0,1.0
106,107,-0.6546040288442375,-0.4942898149905641,2,-0.5064836046192442,0,0.0
107,108,-0.14484452256882713,0.014108040489573828,1,-0.5064836046192442,1,0.0
108,109,0.7290289167604478,1.5393016069299876,2,1.3884310037905419,0,0.0
109,110,0.29209219709581036,1.624034582843344,1,1.3884310037905419,0,1.0
110,111,-0.07202173595805421,-1.6381849898208745,2,0.3056226561278069,0,1.0
111,112,-1.4556546815627396,0.9038042875798152,1,1.3884310037905419,0,0.0
112,113,1.0931428498143123,0.09884101640293015,0,0.3056226561278069,0,0.0
113,114,-0.29049009579037294,-1.4687190379941617,0,-1.3185898653662953,0,0.0
114,115,-0.9458951752873291,0.5648723839263899,1,1.3884310037905419,0,0.0
115,116,-1.6741230413950583,-0.7908552306873112,1,-1.3185898653662953,0,0.0
116,117,-0.21766730917960003,0.2683069682296428,2,1.3884310037905419,0,0.0
117,118,0.29209219709581036,0.05647452844625199,2,-0.5064836046192442,0,1.0
118,119,-0.5817812422334646,1.0732702394065279,1,-1.3185898653662953,1,1.0
119,120,1.6029023560897226,-1.4263525500374836,0,-0.5064836046192442,0,0.0
120,121,-1.4556546815627396,-0.8332217186439894,0,0.3056226561278069,1,0.0
121,122,-0.5817812422334646,1.0309037514498496,1,0.3056226561278069,1,0.0
122,123,-0.14484452256882713,-1.51108552595084,1,0.3056226561278069,0,0.0
123,124,-0.29049009579037294,0.09884101640293015,1,-1.3185898653662953,0,0.0
124,125,1.2387884230358581,-0.8755882066006676,2,-1.3185898653662953,0,0.0
125,126,-0.43613566901191875,1.4545686310166313,2,-0.5064836046192442,1,1.0
126,127,-0.6546040288442375,0.22594048027296462,1,1.3884310037905419,0,1.0
127,128,1.384433996257404,-0.748488742730633,2,1.3884310037905419,0,1.0
128,129,0.9474972765927665,-0.5366563029472423,0,1.3884310037905419,0,1.0
129,130,0.6562061301496749,-1.1721536222974147,2,-1.3185898653662953,1,1.0
130,131,1.311611209646631,1.624034582843344,1,-0.5064836046192442,1,0.0
131,132,1.0931428498143123,1.5393016069299876,1,0.3056226561278069,1,0.0
132,133,-0.14484452256882713,-1.6381849898208745,0,1.3884310037905419,0,0.0
133,134,1.0931428498143123,-0.9603211825140239,1,0.3056226561278069,1,1.0
134,135,-1.2371863217304209,-0.6213892788605986,0,1.3884310037905419,0,0.0
135,136,1.4572567828681768,-0.028258447467104333,1,0.3056226561278069,1,1.0
136,137,1.5300795694789497,-0.7908552306873112,2,0.3056226561278069,0,1.0
137,138,-1.091540748508875,-0.748488742730633,1,-1.3185898653662953,1,0.0
138,139,-1.0187179618981022,-1.0450541584273803,2,0.3056226561278069,1,0.0
139,140,-1.5284774681735125,1.666401070800022,2,-0.5064836046192442,1,0.0
140,141,0.8746744899819936,0.05647452844625199,1,0.3056226561278069,0,0.0
141,142,0.0008010506527187048,-1.1721536222974147,1,-1.3185898653662953,0,0.0
142,143,-1.6013002547842854,-1.4263525500374836,2,-0.5064836046192442,0,1.0
143,144,0.7290289167604478,0.05647452844625199,2,-0.5064836046192442,0,1.0
144,145,-1.4556546815627396,-0.6637557668172768,0,0.3056226561278069,1,1.0
145,146,0.29209219709581036,-1.1297871343407364,1,-0.5064836046192442,1,0.0
146,147,1.5300795694789497,0.3954064320996773,1,1.3884310037905419,0,1.0
147,148,1.6757251427004958,-0.6637557668172768,2,1.3884310037905419,0,1.0
148,149,-1.3828318949519667,-0.6213892788605986,1,1.3884310037905419,0,0.0
149,150,-1.3828318949519667,0.05647452844625199,0,-0.5064836046192442,1,1.0
150,151,1.2387884230358581,-1.1721536222974147,2,-0.5064836046192442,0,1.0
151,152,1.5300795694789497,0.05647452844625199,2,1.3884310037905419,0,1.0
152,153,-1.6741230413950583,-0.5790227909039204,1,-0.5064836046192442,0,0.0
153,154,-0.21766730917960003,1.0732702394065279,0,1.3884310037905419,0,1.0
154,155,1.6757251427004958,-0.748488742730633,0,-1.3185898653662953,0,1.0
155,156,-1.3100091083411938,0.05647452844625199,2,1.3884310037905419,0,0.0
156,157,-1.2371863217304209,-1.002687670470702,0,-1.3185898653662953,1,0.0
157,158,0.07362383726349161,0.3530399441429991,0,0.3056226561278069,1,1.0
158,159,0.07362383726349161,0.4801394080130336,2,-0.5064836046192442,0,1.0
159,160,1.311611209646631,0.05647452844625199,0,0.3056226561278069,1,0.0
160,161,-0.9458951752873291,-1.553452013907518,0,0.3056226561278069,0,1.0
161,162,-1.3828318949519667,1.3274691671465968,1,1.3884310037905419,0,1.0
162,163,-0.9458951752873291,1.1580032153198843,0,-1.3185898653662953,1,1.0
163,164,-0.8730723886765562,-0.3248238631638515,2,1.3884310037905419,0,0.0
164,165,0.14644662387426452,1.5393016069299876,0,-1.3185898653662953,1,0.0
165,166,-0.43613566901191875,-1.3416195741241272,0,-1.3185898653662953,0,0.0
166,167,-1.3828318949519667,0.18357399231628646,0,1.3884310037905419,0,1.0
167,168,0.36491498370658326,0.18357399231628646,1,0.3056226561278069,1,0.0
168,169,-1.3828318949519667,1.2003697032765623,1,-1.3185898653662953,1,0.0
169,170,0.07362383726349161,-0.24009088725049513,1,0.3056226561278069,1,1.0
170,171,-1.091540748508875,0.05647452844625199,2,-0.5064836046192442,0,1.0
171,172,-1.091540748508875,-1.5958185018641964,1,-1.3185898653662953,0,0.0
172,173,0.21926941048503742,0.05647452844625199,1,-0.5064836046192442,1,1.0
173,174,0.36491498370658326,0.1412075043596083,0,0.3056226561278069,1,0.0
174,175,0.8018517033712207,-0.4095568390772078,2,1.3884310037905419,0,1.0
175,176,0.0008010506527187048,1.0732702394065279,2,0.3056226561278069,1,1.0
176,177,-0.6546040288442375,0.861437799623137,2,1.3884310037905419,0,0.0
177,178,-0.6546040288442375,1.2851026791899187,0,-0.5064836046192442,1,0.0
178,179,0.14644662387426452,-0.706122254773955,2,1.3884310037905419,0,1.0
179,180,1.5300795694789497,0.014108040489573828,2,0.3056226561278069,1,0.0
180,181,1.1659656364250852,1.2003697032765623,1,-1.3185898653662953,1,0.0
181,182,0.6562061301496749,0.2683069682296428,0,1.3884310037905419,0,1.0
182,183,-1.5284774681735125,-0.5366563029472423,1,1.3884310037905419,0,0.0
183,184,0.6562061301496749,-0.6637557668172768,1,1.3884310037905419,0,0.0
184,185,-1.3100091083411938,0.861437799623137,1,-0.5064836046192442,1,0.0
185,186,-0.29049009579037294,0.9038042875798152,1,1.3884310037905419,0,1.0
186,187,-0.21766730917960003,0.18357399231628646,1,0.3056226561278069,0,0.0
187,188,-0.8002496020657833,-1.0450541584273803,0,1.3884310037905419,0,0.0
188,189,-1.3100091083411938,0.9038042875798152,2,-1.3185898653662953,1,0.0
189,190,-0.8002496020657833,1.4545686310166313,0,0.3056226561278069,1,0.0
190,191,0.8018517033712207,-1.002687670470702,0,0.3056226561278069,1,1.0
191,192,-0.5817812422334646,0.7767048237097808,2,-1.3185898653662953,0,0.0
192,193,-0.36331288240114584,-0.1553579113371388,1,-0.5064836046192442,1,0.0
193,194,1.6029023560897226,1.0732702394065279,1,-0.5064836046192442,1,0.0
194,195,-0.6546040288442375,-1.3416195741241272,0,1.3884310037905419,0,1.0
195,196,0.5105605569281291,0.1412075043596083,1,0.3056226561278069,0,0.0
196,197,1.0203200632035394,-0.748488742730633,2,-1.3185898653662953,0,0.0
197,198,-1.6013002547842854,0.310673456186321,1,-1.3185898653662953,1,0.0
198,199,1.0931428498143123,0.861437799623137,2,-1.3185898653662953,0,1.0
199,200,-0.6546040288442375,1.7511340467133785,0,0.3056226561278069,1,1.0
200,201,-1.6013002547842854,-0.4942898149905641,2,-0.5064836046192442,1,1.0
201,202,0.5105605569281291,0.43777292005635543,1,-0.5064836046192442,1,1.0
202,203,1.0203200632035394,-0.4095568390772078,0,0.3056226561278069,1,1.0
203,204,0.36491498370658326,0.3954064320996773,0,0.3056226561278069,1,1.0
204,205,1.0931428498143123,0.9038042875798152,0,0.3056226561278069,1,1.0
205,206,0.9474972765927665,0.9885372634931715,1,0.3056226561278069,1,1.0
206,207,1.311611209646631,-1.1721536222974147,0,-1.3185898653662953,0,1.0
207,208,0.5105605569281291,-0.3671903511205296,1,-1.3185898653662953,0,0.0
208,209,1.2387884230358581,1.5393016069299876,2,1.3884310037905419,0,0.0
209,210,0.7290289167604478,0.2683069682296428,2,0.3056226561278069,1,0.0
210,211,-0.14484452256882713,-0.5790227909039204,1,-1.3185898653662953,0,1.0
211,212,-0.5817812422334646,-1.002687670470702,1,-0.5064836046192442,1,0.0
212,213,1.5300795694789497,0.3530399441429991,0,-0.5064836046192442,1,1.0
213,214,-0.5817812422334646,-1.3416195741241272,1,0.3056226561278069,0,1.0
214,215,0.43773777031735617,-0.4942898149905641,1,1.3884310037905419,0,1.0
215,216,0.9474972765927665,-1.1297871343407364,0,-1.3185898653662953,0,1.0
216,217,0.29209219709581036,0.18357399231628646,2,-0.5064836046192442,1,0.0
217,218,-0.07202173595805421,1.0732702394065279,0,0.3056226561278069,1,1.0
218,219,-0.8002496020657833,-0.7908552306873112,0,1.3884310037905419,0,1.0
219,220,-1.5284774681735125,-1.0874206463840583,1,0.3056226561278069,0,1.0
220,221,1.6757251427004958,0.05647452844625199,2,0.3056226561278069,0,0.0
221,222,1.4572567828681768,0.6919718477964244,0,-1.3185898653662953,0,0.0
222,223,0.6562061301496749,-0.2824573752071733,0,0.3056226561278069,0,0.0
223,224,-1.4556546815627396,-0.4095568390772078,2,-0.5064836046192442,0,0.0
224,225,1.6757251427004958,-1.1721536222974147,2,1.3884310037905419,0,0.0
225,226,1.1659656364250852,-1.0450541584273803,0,0.3056226561278069,1,0.0
226,227,0.07362383726349161,0.7343383357531026,2,0.3056226561278069,0,0.0
227,228,0.583383343538902,1.0732702394065279,2,-0.5064836046192442,1,1.0
228,229,1.0203200632035394,-0.028258447467104333,1,0.3056226561278069,0,0.0
229,230,0.8018517033712207,-0.45192332703388594,2,1.3884310037905419,0,0.0
230,231,1.1659656364250852,1.1580032153198843,1,-1.3185898653662953,1,0.0
231,232,-0.8002496020657833,0.9038042875798152,0,-0.5064836046192442,1,0.0
232,233,-1.0187179618981022,-0.2824573752071733,1,-0.5064836046192442,0,1.0
233,234,0.5105605569281291,-1.553452013907518,0,1.3884310037905419,0,0.0
234,235,0.29209219709581036,1.5816680948866657,2,-1.3185898653662953,1,1.0
235,236,1.4572567828681768,0.861437799623137,2,1.3884310037905419,0,0.0
236,237,1.1659656364250852,0.5648723839263899,1,-0.5064836046192442,1,1.0
237,238,0.583383343538902,0.8190713116664589,0,1.3884310037905419,0,1.0
238,239,-0.07202173595805421,1.7511340467133785,2,0.3056226561278069,1,0.0
239,240,0.8018517033712207,-1.5958185018641964,0,-1.3185898653662953,0,1.0
240,241,1.311611209646631,-1.51108552595084,2,-1.3185898653662953,0,1.0
241,242,1.6029023560897226,-0.748488742730633,2,-1.3185898653662953,1,1.0
242,243,1.4572567828681768,-0.2824573752071733,2,1.3884310037905419,0,0.0
243,244,1.384433996257404,0.9461707755364933,2,-0.5064836046192442,1,1.0
244,245,-1.3828318949519667,1.666401070800022,2,-0.5064836046192442,1,0.0
245,246,0.8018517033712207,0.6072388718830681,0,-0.5064836046192442,1,1.0
246,247,0.8018517033712207,0.9885372634931715,1,0.3056226561278069,1,1.0
247,248,-1.2371863217304209,1.3274691671465968,1,-0.5064836046192442,1,1.0
248,249,-1.3100091083411938,1.624034582843344,0,1.3884310037905419,0,0.0
249,250,0.8018517033712207,1.4122021430599532,0,0.3056226561278069,1,0.0
250,251,0.583383343538902,-0.8755882066006676,0,-1.3185898653662953,1,0.0
251,252,1.4572567828681768,0.22594048027296462,1,0.3056226561278069,0,0.0
252,253,0.5105605569281291,-0.8332217186439894,2,0.3056226561278069,0,0.0
253,254,-1.4556546815627396,1.4545686310166313,2,-0.5064836046192442,1,1.0
254,255,1.6029023560897226,1.7087675587567002,2,1.3884310037905419,0,0.0
255,256,0.21926941048503742,-0.5366563029472423,2,1.3884310037905419,0,1.0
256,257,1.0931428498143123,1.624034582843344,0,-0.5064836046192442,1,1.0
257,258,1.6029023560897226,-1.002687670470702,0,0.3056226561278069,0,1.0
258,259,0.0008010506527187048,-1.2992530861674492,1,-0.5064836046192442,0,0.0
259,260,1.6757251427004958,1.4122021430599532,0,-0.5064836046192442,1,1.0
260,261,1.384433996257404,-0.3671903511205296,2,1.3884310037905419,0,1.0
261,262,1.384433996257404,1.666401070800022,1,0.3056226561278069,1,1.0
262,263,0.29209219709581036,1.1580032153198843,0,-0.5064836046192442,1,1.0
263,264,1.1659656364250852,1.624034582843344,0,-0.5064836046192442,1,1.0
264,265,-0.7274268154550104,1.624034582843344,1,1.3884310037905419,0,0.0
265,266,-0.14484452256882713,-1.1721536222974147,1,1.3884310037905419,0,0.0
266,267,-1.3100091083411938,0.3954064320996773,1,1.3884310037905419,0,1.0
267,268,-1.3100091083411938,-1.2145201102540928,2,-0.5064836046192442,0,1.0
268,269,1.0931428498143123,1.2851026791899187,2,0.3056226561278069,1,0.0
269,270,-1.3828318949519667,-1.0874206463840583,1,1.3884310037905419,0,0.0
270,271,0.43773777031735617,0.6072388718830681,0,0.3056226561278069,0,0.0
271,272,0.0008010506527187048,0.18357399231628646,2,1.3884310037905419,0,0.0
272,273,-0.29049009579037294,1.2003697032765623,0,1.3884310037905419,0,0.0
273,274,-0.9458951752873291,0.4801394080130336,2,-1.3185898653662953,0,1.0
274,275,-0.07202173595805421,-1.6381849898208745,1,-1.3185898653662953,0,0.0
275,276,1.384433996257404,-0.5790227909039204,0,1.3884310037905419,0,0.0
276,277,1.0931428498143123,-0.748488742730633,2,-1.3185898653662953,1,0.0
277,278,-1.6013002547842854,-1.0450541584273803,2,-0.5064836046192442,1,0.0
278,279,-1.6741230413950583,0.6496053598397462,2,0.3056226561278069,0,1.0
279,280,1.6029023560897226,0.9461707755364933,2,1.3884310037905419,0,0.0
280,281,0.7290289167604478,-1.51108552595084,2,0.3056226561278069,0,0.0
281,282,-1.4556546815627396,-1.5958185018641964,1,1.3884310037905419,0,0.0
282,283,-0.9458951752873291,-0.9603211825140239,2,1.3884310037905419,0,0.0
283,284,-0.6546040288442375,-0.5790227909039204,0,-0.5064836046192442,0,1.0
284,285,-0.7274268154550104,0.9461707755364933,1,-1.3185898653662953,1,1.0
285,286,-0.5089584556226917,0.3954064320996773,0,-1.3185898653662953,0,0.0
286,287,0.14644662387426452,-1.0450541584273803,2,-0.5064836046192442,1,1.0
287,288,-1.3100091083411938,-1.1721536222974147,0,-1.3185898653662953,1,0.0
288,289,-1.2371863217304209,-0.748488742730633,1,-1.3185898653662953,1,0.0
289,290,-0.36331288240114584,1.3274691671465968,0,1.3884310037905419,0,0.0
290,291,-1.3100091083411938,0.2683069682296428,1,0.3056226561278069,0,0.0
291,292,-1.6741230413950583,-0.5790227909039204,2,-0.5064836046192442,1,1.0
292,293,0.07362383726349161,-0.7908552306873112,0,-1.3185898653662953,0,1.0
293,294,0.8746744899819936,1.3274691671465968,0,0.3056226561278069,1,0.0
294,295,-1.2371863217304209,0.3954064320996773,0,0.3056226561278069,0,1.0
295,296,-0.5089584556226917,0.7767048237097808,0,1.3884310037905419,0,0.0
296,297,-0.14484452256882713,0.7343383357531026,0,-0.5064836046192442,1,0.0
297,298,-0.8730723886765562,-0.5366563029472423,0,1.3884310037905419,0,1.0
298,299,0.14644662387426452,-1.2992530861674492,1,-1.3185898653662953,0,0.0
299,300,-0.21766730917960003,-0.8332217186439894,2,0.3056226561278069,0,0.0
300,301,0.8746744899819936,0.1412075043596083,1,-1.3185898653662953,0,0.0
301,302,0.29209219709581036,-0.8755882066006676,1,-1.3185898653662953,0,1.0
302,303,-1.3828318949519667,0.9885372634931715,0,-0.5064836046192442,1,0.0
303,304,1.0203200632035394,0.6919718477964244,0,0.3056226561278069,0,1.0
304,305,-0.29049009579037294,-1.3839860620808055,0,0.3056226561278069,0,0.0
305,306,-0.8730723886765562,0.1412075043596083,0,0.3056226561278069,1,1.0
306,307,0.43773777031735617,-0.9179546945573457,2,-1.3185898653662953,1,0.0
307,308,-0.8002496020657833,0.9885372634931715,0,0.3056226561278069,1,1.0
308,309,-1.0187179618981022,1.624034582843344,1,-1.3185898653662953,1,1.0
309,310,0.8018517033712207,-0.4942898149905641,2,0.3056226561278069,0,0.0
310,311,-1.4556546815627396,-1.4687190379941617,1,1.3884310037905419,0,1.0
311,312,-0.14484452256882713,1.5816680948866657,1,-1.3185898653662953,1,0.0
312,313,-0.6546040288442375,-0.706122254773955,2,-1.3185898653662953,1,1.0
313,314,0.29209219709581036,0.5648723839263899,2,-1.3185898653662953,1,0.0
314,315,0.29209219709581036,-0.9179546945573457,1,-1.3185898653662953,1,0.0
315,316,-0.8002496020657833,-1.4687190379941617,1,1.3884310037905419,0,0.0
316,317,1.5300795694789497,-0.9603211825140239,0,-1.3185898653662953,0,0.0
317,318,0.6562061301496749,0.5648723839263899,1,-1.3185898653662953,1,0.0
318,319,1.2387884230358581,-0.4942898149905641,0,-1.3185898653662953,1,1.0
319,320,1.0931428498143123,1.2003697032765623,0,-0.5064836046192442,1,1.0
320,321,-1.0187179618981022,0.05647452844625199,1,-1.3185898653662953,0,1.0
321,322,-1.3828318949519667,1.5816680948866657,2,-0.5064836046192442,1,1.0
322,323,0.14644662387426452,-0.4095568390772078,1,0.3056226561278069,0,0.0
323,324,0.9474972765927665,-0.3248238631638515,2,-1.3185898653662953,1,0.0
324,325,0.43773777031735617,1.3274691671465968,0,-1.3185898653662953,1,1.0
325,326,-0.43613566901191875,-1.2992530861674492,1,0.3056226561278069,0,0.0
326,327,0.21926941048503742,-1.002687670470702,0,1.3884310037905419,0,0.0
327,328,-1.3828318949519667,1.2003697032765623,0,1.3884310037905419,0,0.0
328,329,1.2387884230358581,-0.4095568390772078,0,1.3884310037905419,0,0.0
329,330,-0.36331288240114584,-1.1297871343407364,0,0.3056226561278069,0,0.0
330,331,0.8018517033712207,-0.7908552306873112,2,1.3884310037905419,0,1.0
331,332,1.384433996257404,-0.5790227909039204,2,0.3056226561278069,0,0.0
332,333,0.29209219709581036,0.3954064320996773,0,-1.3185898653662953,1,0.0
333,334,1.1659656364250852,-1.2145201102540928,2,-1.3185898653662953,0,1.0
334,335,-0.07202173595805421,0.3530399441429991,2,1.3884310037905419,0,0.0
335,336,1.0931428498143123,-1.0874206463840583,2,0.3056226561278069,1,0.0
336,337,-0.43613566901191875,-1.3839860620808055,2,-1.3185898653662953,0,1.0
337,338,-1.091540748508875,-1.002687670470702,1,0.3056226561278069,1,0.0
338,339,0.14644662387426452,0.3530399441429991,2,0.3056226561278069,0,0.0
339,340,0.0008010506527187048,0.05647452844625199,1,-0.5064836046192442,0,1.0
340,341,-1.0187179618981022,-1.3416195741241272,0,-1.3185898653662953,0,0.0
341,342,0.21926941048503742,-0.24009088725049513,0,-0.5064836046192442,0,1.0
342,343,0.6562061301496749,0.7767048237097808,0,0.3056226561278069,1,0.0
343,344,-0.43613566901191875,-1.0450541584273803,2,-0.5064836046192442,1,1.0
344,345,1.311611209646631,0.014108040489573828,2,-0.5064836046192442,1,1.0
345,346,0.36491498370658326,-1.4263525500374836,2,0.3056226561278069,0,1.0
346,347,-0.07202173595805421,-1.1721536222974147,1,1.3884310037905419,0,1.0
347,348,0.0008010506527187048,0.310673456186321,0,-1.3185898653662953,1,1.0
348,349,-1.6013002547842854,-1.1297871343407364,0,1.3884310037905419,0,1.0
349,350,0.36491498370658326,-1.1721536222974147,2,-0.5064836046192442,1,1.0
350,351,0.21926941048503742,-0.6637557668172768,0,-1.3185898653662953,0,0.0
351,352,0.36491498370658326,0.05647452844625199,0,0.3056226561278069,0,1.0
352,353,-1.6741230413950583,-0.028258447467104333,0,1.3884310037905419,0,1.0
353,354,0.6562061301496749,1.1580032153198843,0,1.3884310037905419,0,0.0
354,355,0.0008010506527187048,-1.3839860620808055,1,1.3884310037905419,0,0.0
355,356,0.9474972765927665,1.4545686310166313,2,-1.3185898653662953,1,0.0
356,357,1.6029023560897226,-1.1721536222974147,0,1.3884310037905419,0,0.0
357,358,-0.5817812422334646,1.115636727363206,0,1.3884310037905419,0,0.0
358,359,-0.21766730917960003,0.7767048237097808,0,1.3884310037905419,0,0.0
359,360,1.5300795694789497,1.666401070800022,0,-0.5064836046192442,1,1.0
360,361,-0.29049009579037294,0.8190713116664589,0,-0.5064836046192442,1,1.0
361,362,-1.2371863217304209,1.5393016069299876,0,1.3884310037905419,0,1.0
362,363,-0.21766730917960003,0.4801394080130336,1,-1.3185898653662953,1,1.0
363,364,0.8746744899819936,1.4969351189733096,1,0.3056226561278069,1,0.0
364,365,-0.21766730917960003,1.624034582843344,1,0.3056226561278069,1,1.0
365,366,1.311611209646631,-0.11299142338046066,0,-1.3185898653662953,1,1.0
366,367,-0.43613566901191875,-1.4687190379941617,0,-1.3185898653662953,0,0.0
367,368,-1.2371863217304209,1.3274691671465968,2,0.3056226561278069,1,0.0
368,369,0.9474972765927665,-1.553452013907518,2,-1.3185898653662953,0,1.0
369,370,-1.3100091083411938,1.0309037514498496,0,1.3884310037905419,0,1.0
370,371,-0.07202173595805421,0.4801394080130336,1,-1.3185898653662953,0,1.0
371,372,-0.21766730917960003,1.7511340467133785,1,-1.3185898653662953,1,0.0
372,373,0.8018517033712207,-1.1297871343407364,1,-0.5064836046192442,0,0.0
373,374,0.36491498370658326,1.0732702394065279,0,0.3056226561278069,1,0.0
374,375,-0.7274268154550104,0.310673456186321,0,1.3884310037905419,0,1.0
375,376,0.8746744899819936,1.1580032153198843,2,1.3884310037905419,0,0.0
376,377,-0.7274268154550104,-1.002687670470702,0,1.3884310037905419,0,0.0
377,378,-1.6741230413950583,-0.3671903511205296,0,-1.3185898653662953,0,1.0
378,379,0.29209219709581036,-1.5958185018641964,1,0.3056226561278069,0,1.0
379,380,-1.2371863217304209,1.3698356551032749,0,0.3056226561278069,1,1.0
380,381,0.14644662387426452,-0.8332217186439894,0,-0.5064836046192442,1,0.0
381,382,-0.07202173595805421,1.1580032153198843,0,0.3056226561278069,1,0.0
382,383,1.384433996257404,-0.3248238631638515,1,1.3884310037905419,0,1.0
383,384,-1.4556546815627396,-1.51108552595084,0,1.3884310037905419,0,1.0
384,385,0.9474972765927665,-1.553452013907518,2,1.3884310037905419,0,0.0
385,386,0.583383343538902,-1.51108552595084,0,1.3884310037905419,0,0.0
386,387,-0.5817812422334646,0.09884101640293015,2,0.3056226561278069,1,0.0
387,388,1.1659656364250852,-0.4942898149905641,0,-1.3185898653662953,1,1.0
388,389,0.07362383726349161,-1.0874206463840583,0,1.3884310037905419,0,0.0
389,390,-0.43613566901191875,-0.8332217186439894,2,-1.3185898653662953,1,0.0
390,391,1.5300795694789497,1.624034582843344,0,1.3884310037905419,0,1.0
391,392,1.0931428498143123,1.3274691671465968,1,-0.5064836046192442,1,0.0
392,393,0.36491498370658326,-0.19772439929381697,0,-1.3185898653662953,1,1.0
393,394,-0.36331288240114584,0.3530399441429991,2,-1.3185898653662953,1,1.0
394,395,-1.4556546815627396,-0.7908552306873112,1,1.3884310037905419,0,1.0
395,396,-0.9458951752873291,-1.3839860620808055,0,1.3884310037905419,0,1.0
396,397,-1.164363535119648,0.310673456186321,1,-0.5064836046192442,0,1.0
397,398,-0.5817812422334646,0.4801394080130336,1,0.3056226561278069,0,0.0
398,399,-0.29049009579037294,-0.8755882066006676,2,-0.5064836046192442,1,1.0
399,400,-0.5089584556226917,0.9885372634931715,2,0.3056226561278069,1,1.0
400,401,-0.14484452256882713,1.4122021430599532,2,0.3056226561278069,1,0.0
401,402,1.2387884230358581,0.5648723839263899,1,-0.5064836046192442,0,0.0
402,403,-0.8002496020657833,1.0309037514498496,1,-0.5064836046192442,1,0.0
403,404,0.43773777031735617,0.3530399441429991,1,-1.3185898653662953,0,0.0
404,405,-0.29049009579037294,-0.8755882066006676,2,-1.3185898653662953,1,0.0
405,406,1.0203200632035394,-1.553452013907518,1,-0.5064836046192442,0,1.0
406,407,0.29209219709581036,0.861437799623137,2,0.3056226561278069,1,0.0
407,408,1.0203200632035394,-1.5958185018641964,0,0.3056226561278069,0,1.0
408,409,1.1659656364250852,-0.9179546945573457,1,-0.5064836046192442,0,1.0
409,410,-0.5817812422334646,1.2851026791899187,1,1.3884310037905419,0,0.0
410,411,-1.164363535119648,0.4801394080130336,1,1.3884310037905419,0,0.0
411,412,-0.9458951752873291,-0.9179546945573457,2,0.3056226561278069,1,1.0
412,413,1.4572567828681768,-1.5958185018641964,2,-1.3185898653662953,0,0.0
413,414,0.5105605569281291,0.861437799623137,2,-1.3185898653662953,1,0.0
414,415,0.43773777031735617,-0.3248238631638515,1,-0.5064836046192442,1,1.0
415,416,1.0931428498143123,1.5393016069299876,0,0.3056226561278069,1,1.0
416,417,-1.0187179618981022,-0.4095568390772078,2,-0.5064836046192442,0,1.0
417,418,1.5300795694789497,-1.0874206463840583,2,0.3056226561278069,0,0.0
418,419,-0.29049009579037294,-0.748488742730633,1,-1.3185898653662953,1,0.0
419,420,-0.43613566901191875,-1.3839860620808055,0,1.3884310037905419,0,0.0
420,421,-1.2371863217304209,-1.4263525500374836,2,0.3056226561278069,0,1.0
421,422,1.6029023560897226,0.9461707755364933,0,-1.3185898653662953,1,0.0
422,423,-0.7274268154550104,-0.3671903511205296,0,1.3884310037905419,0,1.0
423,424,-1.164363535119648,0.8190713116664589,2,-0.5064836046192442,1,1.0
424,425,-0.5817812422334646,1.3698356551032749,1,-0.5064836046192442,1,0.0
425,426,1.5300795694789497,1.1580032153198843,1,1.3884310037905419,0,0.0
426,427,0.7290289167604478,0.3530399441429991,0,0.3056226561278069,1,0.0
427,428,-0.5089584556226917,-0.9603211825140239,2,-0.5064836046192442,1,1.0
428,429,-1.4556546815627396,1.0732702394065279,0,-1.3185898653662953,1,0.0
429,430,-0.43613566901191875,-1.6381849898208745,2,0.3056226561278069,0,0.0
430,431,-0.14484452256882713,-1.5958185018641964,2,-1.3185898653662953,0,0.0
431,432,1.311611209646631,-1.51108552595084,1,1.3884310037905419,0,0.0
432,433,1.0203200632035394,-1.4263525500374836,2,-1.3185898653662953,0,1.0
433,434,0.36491498370658326,0.43777292005635543,1,-1.3185898653662953,0,0.0
434,435,1.384433996257404,0.05647452844625199,2,1.3884310037905419,0,1.0
435,436,-0.7274268154550104,0.9885372634931715,1,-1.3185898653662953,1,0.0
436,437,-1.6013002547842854,-0.6637557668172768,1,-1.3185898653662953,1,1.0
437,438,-0.14484452256882713,-1.002687670470702,0,0.3056226561278069,1,1.0
438,439,1.2387884230358581,0.7343383357531026,0,1.3884310037905419,0,0.0
439,440,-0.21766730917960003,-1.2145201102540928,2,1.3884310037905419,0,1.0
440,441,0.29209219709581036,-0.8755882066006676,2,0.3056226561278069,0,0.0
441,442,0.0008010506527187048,1.0732702394065279,1,-1.3185898653662953,1,0.0
442,443,-0.9458951752873291,-0.11299142338046066,2,-0.5064836046192442,1,1.0
443,444,-1.4556546815627396,1.666401070800022,2,-0.5064836046192442,1,0.0
444,445,0.8018517033712207,1.3274691671465968,2,0.3056226561278069,1,1.0
445,446,1.384433996257404,0.9461707755364933,1,1.3884310037905419,0,0.0
446,447,-0.6546040288442375,0.8190713116664589,1,0.3056226561278069,1,1.0
447,448,-1.3828318949519667,0.6496053598397462,2,1.3884310037905419,0,0.0
448,449,1.2387884230358581,-1.2992530861674492,1,0.3056226561278069,0,0.0
449,450,-1.6741230413950583,-0.8755882066006676,2,-1.3185898653662953,1,1.0
450,451,0.8018517033712207,1.666401070800022,1,-1.3185898653662953,1,1.0
451,452,0.14644662387426452,-1.6381849898208745,2,1.3884310037905419,0,1.0
452,453,-1.2371863217304209,1.115636727363206,0,0.3056226561278069,1,1.0
453,454,1.2387884230358581,-0.4095568390772078,0,-0.5064836046192442,1,0.0
454,455,1.0931428498143123,-0.748488742730633,2,1.3884310037905419,0,0.0
455,456,-0.8002496020657833,-1.3416195741241272,2,-1.3185898653662953,0,1.0
456,457,-0.6546040288442375,-0.11299142338046066,0,-0.5064836046192442,0,1.0
457,458,-0.14484452256882713,-0.748488742730633,0,-1.3185898653662953,1,0.0
458,459,-0.7274268154550104,1.4969351189733096,0,0.3056226561278069,1,0.0
459,460,-0.43613566901191875,-0.45192332703388594,1,-0.5064836046192442,1,0.0
460,461,-0.7274268154550104,1.0309037514498496,2,-1.3185898653662953,1,0.0
461,462,0.7290289167604478,-0.7908552306873112,0,-1.3185898653662953,1,1.0
462,463,0.07362383726349161,0.3954064320996773,1,1.3884310037905419,0,1.0
463,464,1.5300795694789497,-1.4687190379941617,1,-0.5064836046192442,0,1.0
464,465,0.583383343538902,0.7767048237097808,1,-0.5064836046192442,1,1.0
465,466,-1.6013002547842854,1.7511340467133785,2,0.3056226561278069,1,1.0
466,467,-1.3100091083411938,0.861437799623137,0,0.3056226561278069,0,0.0
467,468,1.2387884230358581,-1.2145201102540928,2,1.3884310037905419,0,1.0
468,469,1.311611209646631,-0.706122254773955,0,1.3884310037905419,0,1.0
469,470,0.14644662387426452,-0.1553579113371388,2,-1.3185898653662953,1,0.0
470,471,1.6029023560897226,1.7087675587567002,0,1.3884310037905419,0,1.0
471,472,0.07362383726349161,-1.002687670470702,1,0.3056226561278069,1,0.0
472,473,-0.5089584556226917,-0.5366563029472423,2,0.3056226561278069,0,0.0
473,474,-1.4556546815627396,-0.3248238631638515,2,1.3884310037905419,0,0.0
474,475,-1.6741230413950583,-1.0450541584273803,1,-1.3185898653662953,1,0.0
475,476,0.36491498370658326,1.666401070800022,1,0.3056226561278069,1,1.0
476,477,-1.2371863217304209,0.43777292005635543,0,-1.3185898653662953,0,1.0
477,478,1.1659656364250852,0.1412075043596083,0,0.3056226561278069,1,1.0
478,479,1.4572567828681768,-1.6381849898208745,1,-1.3185898653662953,0,0.0
479,480,-0.9458951752873291,0.9885372634931715,2,-0.5064836046192442,1,1.0
480,481,1.384433996257404,-0.4095568390772078,0,-0.5064836046192442,0,1.0
481,482,-0.43613566901191875,0.22594048027296462,0,1.3884310037905419,0,1.0
482,483,-1.2371863217304209,1.115636727363206,0,0.3056226561278069,1,0.0
483,484,-1.3100091083411938,1.3274691671465968,1,-0.5064836046192442,1,0.0
484,485,1.6029023560897226,0.8190713116664589,1,1.3884310037905419,0,1.0
485,486,0.8018517033712207,-1.3839860620808055,1,1.3884310037905419,0,0.0
486,487,-0.8002496020657833,-0.6637557668172768,2,-1.3185898653662953,0,1.0
487,488,1.2387884230358581,0.18357399231628646,0,-0.5064836046192442,1,1.0
488,489,1.0931428498143123,0.2683069682296428,0,-0.5064836046192442,1,0.0
489,490,-0.9458951752873291,1.4969351189733096,2,1.3884310037905419,0,1.0
490,491,-1.6013002547842854,1.3274691671465968,1,-1.3185898653662953,1,0.0
491,492,1.6757251427004958,-0.4942898149905641,2,-1.3185898653662953,0,0.0
492,493,0.43773777031735617,-0.6637557668172768,0,-1.3185898653662953,1,0.0
493,494,-1.6741230413950583,-0.2824573752071733,1,-1.3185898653662953,1,0.0
494,495,-1.4556546815627396,0.05647452844625199,2,-0.5064836046192442,0,1.0
495,496,1.4572567828681768,0.3954064320996773,0,-0.5064836046192442,1,1.0
496,497,0.07362383726349161,0.1412075043596083,0,-0.5064836046192442,1,0.0
497,498,-1.091540748508875,1.2427361912332404,0,-1.3185898653662953,1,0.0
498,499,-1.0187179618981022,-0.24009088725049513,2,0.3056226561278069,0,1.0
499,500,0.36491498370658326,0.7767048237097808,1,1.3884310037905419,0,0.0
500,501,0.583383343538902,-0.11299142338046066,1,0.3056226561278069,0,1.0
501,502,-0.43613566901191875,-1.51108552595084,1,0.3056226561278069,0,1.0
502,503,-0.6546040288442375,0.5648723839263899,2,1.3884310037905419,0,0.0
503,504,1.6029023560897226,-1.3416195741241272,0,-0.5064836046192442,0,0.0
504,505,-0.07202173595805421,1.3274691671465968,1,0.3056226561278069,1,1.0
505,506,1.384433996257404,0.3954064320996773,1,-0.5064836046192442,1,1.0
506,507,-0.5817812422334646,-0.0706249354237825,0,0.3056226561278069,0,1.0
507,508,-0.14484452256882713,0.22594048027296462,2,-1.3185898653662953,0,0.0
508,509,-1.3100091083411938,0.22594048027296462,1,0.3056226561278069,0,1.0
509,510,0.36491498370658326,-1.2145201102540928,1,-0.5064836046192442,0,0.0
510,511,-0.5817812422334646,1.2427361912332404,2,-0.5064836046192442,1,1.0
511,512,-1.091540748508875,0.861437799623137,0,-0.5064836046192442,0,0.0
512,513,-0.8730723886765562,1.2003697032765623,2,1.3884310037905419,0,0.0
513,514,-0.07202173595805421,-1.553452013907518,2,0.3056226561278069,0,0.0
514,515,-0.07202173595805421,0.9038042875798152,2,-1.3185898653662953,0,0.0
515,516,-1.6013002547842854,-0.2824573752071733,0,0.3056226561278069,0,0.0
516,517,0.7290289167604478,-0.2824573752071733,2,0.3056226561278069,0,1.0
517,518,-1.0187179618981022,-1.6381849898208745,0,1.3884310037905419,0,1.0
518,519,-1.164363535119648,0.7343383357531026,1,-0.5064836046192442,0,1.0
519,520,0.36491498370658326,1.2851026791899187,0,-1.3185898653662953,1,1.0
520,521,-0.5817812422334646,1.666401070800022,2,-0.5064836046192442,1,0.0
521,522,0.9474972765927665,-0.9603211825140239,1,0.3056226561278069,0,1.0
522,523,1.6757251427004958,0.43777292005635543,2,-0.5064836046192442,1,1.0
523,524,-1.5284774681735125,0.9038042875798152,2,0.3056226561278069,0,0.0
524,525,-0.36331288240114584,-0.8332217186439894,0,-1.3185898653662953,0,0.0
525,526,1.1659656364250852,1.7511340467133785,1,-1.3185898653662953,1,1.0
526,527,-1.164363535119648,1.3698356551032749,0,1.3884310037905419,0,1.0
527,528,-0.07202173595805421,0.861437799623137,0,0.3056226561278069,0,0.0
528,529,-0.8730723886765562,-0.748488742730633,1,-0.5064836046192442,0,0.0
529,530,0.36491498370658326,-1.2992530861674492,0,-1.3185898653662953,0,0.0
530,531,1.311611209646631,-1.2145201102540928,1,0.3056226561278069,0,1.0
531,532,1.0203200632035394,-0.2824573752071733,0,0.3056226561278069,1,1.0
532,533,-0.9458951752873291,0.014108040489573828,1,0.3056226561278069,0,1.0
533,534,0.5105605569281291,1.3274691671465968,2,-0.5064836046192442,1,1.0
534,535,1.5300795694789497,0.3530399441429991,1,1.3884310037905419,0,1.0
535,536,0.9474972765927665,-1.5958185018641964,0,1.3884310037905419,0,1.0
536,537,0.8018517033712207,0.7343383357531026,0,0.3056226561278069,0,1.0
537,538,-0.14484452256882713,-1.256886598210771,0,-1.3185898653662953,0,0.0
538,539,1.6757251427004958,0.3954064320996773,1,1.3884310037905419,0,1.0
539,540,0.36491498370658326,-1.002687670470702,1,1.3884310037905419,0,0.0
540,541,-0.21766730917960003,0.05647452844625199,0,-0.5064836046192442,0,0.0
541,542,-1.6741230413950583,-0.3248238631638515,1,0.3056226561278069,0,0.0
542,543,-0.5817812422334646,-1.002687670470702,2,-0.5064836046192442,1,1.0
543,544,-1.091540748508875,-0.1553579113371388,2,1.3884310037905419,0,0.0
544,545,0.6562061301496749,-1.2992530861674492,0,1.3884310037905419,0,1.0
545,546,0.7290289167604478,0.861437799623137,1,0.3056226561278069,1,1.0
546,547,-0.43613566901191875,0.014108040489573828,1,0.3056226561278069,0,0.0
547,548,-1.4556546815627396,0.310673456186321,1,0.3056226561278069,0,0.0
548,549,1.311611209646631,0.2683069682296428,2,-1.3185898653662953,1,1.0
549,550,1.4572567828681768,0.6919718477964244,0,1.3884310037905419,0,0.0
550,551,0.07362383726349161,-0.8332217186439894,1,-0.5064836046192442,0,0.0
551,552,1.0203200632035394,-0.24009088725049513,0,0.3056226561278069,0,0.0
552,553,-1.5284774681735125,1.7511340467133785,0,-0.5064836046192442,1,1.0
553,554,0.14644662387426452,0.5225058959697118,0,-0.5064836046192442,1,1.0
554,555,0.8746744899819936,-0.6637557668172768,2,-0.5064836046192442,0,1.0
555,556,-0.6546040288442375,1.4545686310166313,2,1.3884310037905419,0,0.0
556,557,-0.5089584556226917,1.4545686310166313,0,-0.5064836046192442,1,0.0
557,558,-0.29049009579037294,-1.553452013907518,2,0.3056226561278069,0,1.0
558,559,-1.2371863217304209,0.8190713116664589,1,1.3884310037905419,0,0.0
559,560,-0.07202173595805421,0.9885372634931715,0,0.3056226561278069,1,1.0
560,561,1.6757251427004958,-1.51108552595084,0,-1.3185898653662953,0,0.0
561,562,-0.07202173595805421,-1.2145201102540928,0,-1.3185898653662953,0,0.0
562,563,0.583383343538902,0.9461707755364933,0,-1.3185898653662953,1,0.0
563,564,1.6029023560897226,0.1412075043596083,2,-0.5064836046192442,0,1.0
564,565,0.43773777031735617,0.014108040489573828,0,-1.3185898653662953,1,0.0
565,566,1.6029023560897226,1.1580032153198843,1,0.3056226561278069,1,0.0
566,567,0.6562061301496749,-1.4687190379941617,1,0.3056226561278069,0,1.0
567,568,-0.14484452256882713,1.2003697032765623,1,-1.3185898653662953,1,0.0
568,569,-1.5284774681735125,-1.51108552595084,1,-0.5064836046192442,0,1.0
569,570,-1.3828318949519667,-0.4942898149905641,1,-0.5064836046192442,1,0.0
570,571,1.384433996257404,0.014108040489573828,0,1.3884310037905419,0,1.0
571,572,0.0008010506527187048,-1.6381849898208745,2,0.3056226561278069,0,1.0
572,573,1.5300795694789497,-0.19772439929381697,2,1.3884310037905419,0,0.0
573,574,0.0008010506527187048,1.7511340467133785,0,-0.5064836046192442,1,1.0
574,575,0.583383343538902,0.43777292005635543,0,-0.5064836046192442,1,0.0
575,576,0.43773777031735617,0.6496053598397462,2,0.3056226561278069,0,1.0
576,577,0.7290289167604478,1.2003697032765623,0,-1.3185898653662953,1,1.0
577,578,-1.6013002547842854,-0.3671903511205296,1,-0.5064836046192442,1,0.0
578,579,1.0931428498143123,0.014108040489573828,1,0.3056226561278069,1,0.0
579,580,1.6029023560897226,-1.6381849898208745,0,0.3056226561278069,0,1.0
580,581,0.36491498370658326,-0.45192332703388594,0,0.3056226561278069,1,1.0
581,582,1.0931428498143123,-1.51108552595084,1,0.3056226561278069,0,0.0
582,583,-1.6013002547842854,0.5225058959697118,0,1.3884310037905419,0,0.0
583,584,-0.5817812422334646,1.4969351189733096,2,0.3056226561278069,1,0.0
584,585,1.384433996257404,0.9038042875798152,0,-0.5064836046192442,1,0.0
585,586,1.1659656364250852,1.4969351189733096,1,0.3056226561278069,1,0.0
586,587,1.311611209646631,-0.24009088725049513,2,1.3884310037905419,0,0.0
587,588,0.8018517033712207,1.2427361912332404,1,1.3884310037905419,0,1.0
588,589,-0.8002496020657833,-0.6213892788605986,2,-0.5064836046192442,1,0.0
589,590,0.6562061301496749,-0.45192332703388594,0,-1.3185898653662953,1,0.0
590,591,-1.3100091083411938,0.6496053598397462,2,1.3884310037905419,0,0.0
591,592,-0.9458951752873291,1.115636727363206,0,-0.5064836046192442,1,0.0
592,593,1.6757251427004958,-1.3416195741241272,1,-0.5064836046192442,0,1.0
593,594,-1.164363535119648,0.22594048027296462,2,1.3884310037905419,0,1.0
594,595,-0.9458951752873291,-1.0874206463840583,1,1.3884310037905419,0,0.0
595,596,-0.8730723886765562,-1.3416195741241272,0,0.3056226561278069,0,0.0
596,597,-1.6741230413950583,-0.24009088725049513,2,-0.5064836046192442,1,1.0
597,598,1.5300795694789497,0.6496053598397462,1,-1.3185898653662953,0,1.0
598,599,-0.5089584556226917,0.7343383357531026,2,0.3056226561278069,1,1.0
599,600,1.6757251427004958,0.05647452844625199,2,-0.5064836046192442,1,0.0
600,601,-1.0187179618981022,1.3274691671465968,2,-1.3185898653662953,1,1.0
601,602,-1.3100091083411938,1.1580032153198843,1,0.3056226561278069,1,1.0
602,603,-1.6741230413950583,1.7087675587567002,1,-0.5064836046192442,1,1.0
603,604,-1.2371863217304209,1.2003697032765623,2,1.3884310037905419,0,0.0
604,605,0.8746744899819936,-1.5958185018641964,1,-0.5064836046192442,0,1.0
605,606,0.5105605569281291,-0.24009088725049513,0,-1.3185898653662953,0,0.0
606,607,-1.3828318949519667,0.9461707755364933,2,-1.3185898653662953,1,1.0
607,608,0.0008010506527187048,0.7343383357531026,0,0.3056226561278069,0,1.0
608,609,-0.8002496020657833,-0.11299142338046066,1,1.3884310037905419,0,0.0
609,610,0.583383343538902,0.5648723839263899,2,0.3056226561278069,1,0.0
610,611,0.0008010506527187048,-0.2824573752071733,0,-0.5064836046192442,0,1.0
611,612,-1.5284774681735125,-1.256886598210771,1,1.3884310037905419,0,1.0
612,613,-1.0187179618981022,-1.553452013907518,1,0.3056226561278069,0,0.0
613,614,-0.36331288240114584,-1.51108552595084,0,0.3056226561278069,0,1.0
614,615,-0.5817812422334646,-1.002687670470702,2,0.3056226561278069,0,0.0
615,616,-0.9458951752873291,-1.002687670470702,1,-1.3185898653662953,0,0.0
616,617,1.6757251427004958,-0.19772439929381697,2,-0.5064836046192442,1,1.0
617,618,-1.6013002547842854,0.9038042875798152,0,0.3056226561278069,1,1.0
618,619,0.9474972765927665,0.9038042875798152,2,-0.5064836046192442,1,0.0
619,620,-1.0187179618981022,1.1580032153198843,1,-0.5064836046192442,1,0.0
620,621,-0.36331288240114584,0.310673456186321,0,-0.5064836046192442,0,0.0
621,622,1.4572567828681768,1.2427361912332404,2,0.3056226561278069,1,0.0
622,623,-1.4556546815627396,-1.2992530861674492,1,0.3056226561278069,0,0.0
623,624,-0.8002496020657833,1.624034582843344,0,1.3884310037905419,0,1.0
624,625,-0.29049009579037294,-0.4942898149905641,0,-1.3185898653662953,0,0.0
625,626,0.8746744899819936,-0.5790227909039204,1,1.3884310037905419,0,1.0
626,627,0.14644662387426452,-1.4263525500374836,0,1.3884310037905419,0,0.0
627,628,0.7290289167604478,-1.51108552595084,2,0.3056226561278069,0,0.0
628,629,-0.6546040288442375,-1.2992530861674492,2,-1.3185898653662953,0,1.0
629,630,-1.3828318949519667,1.7511340467133785,1,-1.3185898653662953,1,0.0
630,631,-0.5089584556226917,0.7767048237097808,0,1.3884310037905419,0,0.0
631,632,-1.4556546815627396,0.7767048237097808,0,-1.3185898653662953,0,1.0
632,633,1.1659656364250852,0.6496053598397462,2,1.3884310037905419,0,0.0
633,634,1.5300795694789497,-0.706122254773955,2,0.3056226561278069,1,1.0
634,635,1.6029023560897226,1.7087675587567002,0,1.3884310037905419,0,1.0
635,636,1.0203200632035394,-0.19772439929381697,2,0.3056226561278069,0,1.0
636,637,0.583383343538902,0.014108040489573828,2,1.3884310037905419,0,0.0
637,638,-0.07202173595805421,-1.1721536222974147,0,-0.5064836046192442,1,1.0
638,639,-1.3100091083411938,-0.1553579113371388,0,1.3884310037905419,0,1.0
639,640,1.6757251427004958,-1.0874206463840583,2,0.3056226561278069,1,0.0
640,641,1.1659656364250852,1.3698356551032749,2,1.3884310037905419,0,0.0
641,642,-1.4556546815627396,-1.0874206463840583,1,-1.3185898653662953,1,1.0
642,643,-0.07202173595805421,-0.4095568390772078,1,1.3884310037905419,0,1.0
643,644,0.6562061301496749,1.2851026791899187,0,-1.3185898653662953,1,1.0
644,645,1.1659656364250852,0.09884101640293015,0,-0.5064836046192442,1,1.0
645,646,1.4572567828681768,-0.24009088725049513,1,-1.3185898653662953,1,0.0
646,647,0.07362383726349161,-1.4263525500374836,0,1.3884310037905419,0,1.0
647,648,-0.6546040288442375,-1.0874206463840583,0,-0.5064836046192442,0,1.0
648,649,0.0008010506527187048,1.2427361912332404,2,-1.3185898653662953,1,0.0
649,650,1.6757251427004958,-1.2145201102540928,2,0.3056226561278069,1,1.0
650,651,1.4572567828681768,0.6919718477964244,2,-1.3185898653662953,0,0.0
651,652,1.1659656364250852,-1.2145201102540928,1,0.3056226561278069,1,1.0
652,653,-1.5284774681735125,1.4122021430599532,0,-0.5064836046192442,1,1.0
653,654,0.8018517033712207,-1.2992530861674492,1,-0.5064836046192442,0,0.0
654,655,0.07362383726349161,-0.19772439929381697,2,-1.3185898653662953,1,0.0
655,656,1.6757251427004958,-0.6637557668172768,2,0.3056226561278069,0,0.0
656,657,-0.9458951752873291,-1.553452013907518,2,0.3056226561278069,0,0.0
657,658,1.311611209646631,-1.51108552595084,0,0.3056226561278069,0,1.0
658,659,-1.5284774681735125,1.1580032153198843,0,0.3056226561278069,1,1.0
659,660,0.0008010506527187048,1.0732702394065279,1,-1.3185898653662953,1,1.0
660,661,-0.14484452256882713,-0.8755882066006676,0,1.3884310037905419,0,0.0
661,662,-0.6546040288442375,-1.5958185018641964,1,0.3056226561278069,0,1.0
662,663,-0.43613566901191875,0.6496053598397462,1,-0.5064836046192442,1,0.0
663,664,1.311611209646631,-0.706122254773955,0,0.3056226561278069,0,1.0
664,665,-0.8002496020657833,1.7511340467133785,0,-0.5064836046192442,1,0.0
665,666,-0.5089584556226917,-0.11299142338046066,2,0.3056226561278069,1,1.0
666,667,0.583383343538902,0.09884101640293015,1,-0.5064836046192442,0,1.0
667,668,0.07362383726349161,-0.1553579113371388,1,1.3884310037905419,0,0.0
668,669,1.5300795694789497,-1.256886598210771,1,0.3056226561278069,0,0.0
669,670,0.43773777031735617,-0.9603211825140239,0,0.3056226561278069,1,1.0
670,671,0.07362383726349161,-0.11299142338046066,0,1.3884310037905419,0,1.0
671,672,1.1659656364250852,0.43777292005635543,2,1.3884310037905419,0,1.0
672,673,-1.6013002547842854,-1.553452013907518,2,1.3884310037905419,0,0.0
673,674,1.2387884230358581,-0.6637557668172768,1,1.3884310037905419,0,1.0
674,675,1.0203200632035394,0.22594048027296462,1,0.3056226561278069,0,0.0
675,676,1.6029023560897226,-1.6381849898208745,1,-0.5064836046192442,0,0.0
676,677,1.4572567828681768,-1.5958185018641964,0,-0.5064836046192442,0,1.0
677,678,-0.07202173595805421,-1.2145201102540928,0,1.3884310037905419,0,1.0
678,679,0.8018517033712207,-0.706122254773955,0,-1.3185898653662953,0,1.0
679,680,-1.091540748508875,0.22594048027296462,0,-1.3185898653662953,1,1.0
680,681,1.6029023560897226,1.115636727363206,1,1.3884310037905419,0,0.0
681,682,0.21926941048503742,1.624034582843344,2,-0.5064836046192442,1,0.0
682,683,-0.8730723886765562,-1.553452013907518,0,-0.5064836046192442,0,0.0
683,684,0.29209219709581036,0.6919718477964244,0,-0.5064836046192442,0,1.0
684,685,-0.21766730917960003,-0.9179546945573457,0,-0.5064836046192442,1,0.0
685,686,-0.21766730917960003,0.22594048027296462,0,-0.5064836046192442,1,1.0
686,687,-0.29049009579037294,0.6072388718830681,2,-1.3185898653662953,0,0.0
687,688,-1.3100091083411938,-0.7908552306873112,2,-1.3185898653662953,1,1.0
688,689,1.0203200632035394,-1.1297871343407364,2,-1.3185898653662953,1,1.0
689,690,0.14644662387426452,1.7511340467133785,0,-0.5064836046192442,1,0.0
690,691,1.2387884230358581,0.43777292005635543,2,1.3884310037905419,0,0.0
691,692,-0.9458951752873291,-0.0706249354237825,0,0.3056226561278069,0,0.0
692,693,1.311611209646631,-1.1297871343407364,1,-0.5064836046192442,1,0.0
693,694,0.6562061301496749,0.43777292005635543,1,0.3056226561278069,1,1.0
694,695,-0.29049009579037294,-0.4095568390772078,1,-1.3185898653662953,1,1.0
695,696,0.07362383726349161,-1.553452013907518,1,0.3056226561278069,0,0.0
696,697,0.8746744899819936,0.6919718477964244,0,-0.5064836046192442,0,1.0
697,698,0.14644662387426452,0.22594048027296462,2,1.3884310037905419,0,1.0
698,699,1.5300795694789497,1.7087675587567002,1,1.3884310037905419,0,0.0
699,700,0.14644662387426452,-1.002687670470702,0,-1.3185898653662953,1,0.0
700,701,-1.6741230413950583,0.43777292005635543,0,1.3884310037905419,0,1.0
701,702,-1.6013002547842854,-0.3248238631638515,2,0.3056226561278069,1,0.0
702,703,-1.2371863217304209,-0.3671903511205296,1,-1.3185898653662953,1,0.0
703,704,-0.07202173595805421,0.861437799623137,1,-1.3185898653662953,0,0.0
704,705,1.311611209646631,0.861437799623137,0,-0.5064836046192442,1,0.0
705,706,1.384433996257404,-0.8755882066006676,1,1.3884310037905419,0,1.0
706,707,-1.5284774681735125,-0.9179546945573457,0,1.3884310037905419,0,1.0
707,708,-1.3100091083411938,-0.5790227909039204,2,-0.5064836046192442,1,0.0
708,709,-1.4556546815627396,-0.8332217186439894,2,-0.5064836046192442,1,0.0
709,710,-1.6741230413950583,-0.748488742730633,0,1.3884310037905419,0,1.0
710,711,0.6562061301496749,0.9461707755364933,1,-1.3185898653662953,1,0.0
711,712,-1.6741230413950583,1.3274691671465968,0,-0.5064836046192442,1,0.0
712,713,-0.8002496020657833,1.0732702394065279,2,0.3056226561278069,1,1.0
713,714,-0.21766730917960003,0.9885372634931715,0,-1.3185898653662953,1,1.0
714,715,-0.7274268154550104,-0.9603211825140239,1,-1.3185898653662953,0,0.0
715,716,-1.3100091083411938,0.9461707755364933,1,1.3884310037905419,0,0.0
716,717,1.0931428498143123,-0.2824573752071733,0,0.3056226561278069,0,1.0
717,718,1.6757251427004958,0.3954064320996773,2,1.3884310037905419,0,1.0
718,719,1.0931428498143123,0.43777292005635543,0,-0.5064836046192442,0,0.0
719,720,0.36491498370658326,0.9885372634931715,1,-1.3185898653662953,1,1.0
720,721,-0.5817812422334646,0.4801394080130336,0,-0.5064836046192442,0,0.0
721,722,0.29209219709581036,-0.1553579113371388,2,1.3884310037905419,0,1.0
722,723,-1.2371863217304209,1.4969351189733096,0,0.3056226561278069,1,0.0
723,724,1.0203200632035394,1.3698356551032749,0,0.3056226561278069,1,1.0
724,725,0.5105605569281291,0.9038042875798152,0,-1.3185898653662953,0,0.0
725,726,1.2387884230358581,1.1580032153198843,1,-0.5064836046192442,1,0.0
726,727,0.6562061301496749,1.4969351189733096,1,1.3884310037905419,0,1.0
727,728,0.0008010506527187048,-0.9603211825140239,1,-1.3185898653662953,0,1.0
728,729,-0.07202173595805421,0.9038042875798152,2,1.3884310037905419,0,0.0
729,730,-0.5089584556226917,0.3530399441429991,2,-1.3185898653662953,0,0.0
730,731,1.2387884230358581,1.3274691671465968,0,1.3884310037905419,0,0.0
731,732,0.7290289167604478,1.2427361912332404,1,-1.3185898653662953,1,0.0
732,733,0.8018517033712207,0.9461707755364933,0,1.3884310037905419,0,1.0
733,734,1.6757251427004958,1.0309037514498496,2,0.3056226561278069,1,1.0
734,735,0.8018517033712207,-0.8755882066006676,1,1.3884310037905419,0,0.0
735,736,0.14644662387426452,-0.3671903511205296,0,0.3056226561278069,0,0.0
736,737,0.5105605569281291,-1.256886598210771,2,-0.5064836046192442,0,1.0
737,738,0.9474972765927665,0.05647452844625199,0,1.3884310037905419,0,0.0
738,739,-1.6013002547842854,1.5816680948866657,0,1.3884310037905419,0,1.0
739,740,-1.3100091083411938,-0.6637557668172768,2,-1.3185898653662953,1,0.0
740,741,-1.164363535119648,-0.8332217186439894,1,-1.3185898653662953,1,1.0
741,742,-0.07202173595805421,-1.3416195741241272,1,1.3884310037905419,0,1.0
742,743,-0.6546040288442375,1.2427361912332404,2,-1.3185898653662953,1,0.0
743,744,-1.3828318949519667,1.7511340467133785,2,-1.3185898653662953,1,1.0
744,745,-0.29049009579037294,0.05647452844625199,1,0.3056226561278069,1,1.0
745,746,-0.07202173595805421,0.22594048027296462,2,-1.3185898653662953,1,1.0
746,747,-0.29049009579037294,1.624034582843344,0,-0.5064836046192442,1,1.0
747,748,-0.6546040288442375,0.1412075043596083,0,-1.3185898653662953,1,1.0
748,749,-0.36331288240114584,-1.2145201102540928,2,1.3884310037905419,0,0.0
749,750,-1.0187179618981022,0.861437799623137,0,1.3884310037905419,0,0.0
750,751,-1.3828318949519667,-1.0450541584273803,2,-1.3185898653662953,1,0.0
751,752,-1.164363535119648,-0.19772439929381697,2,1.3884310037905419,0,1.0
752,753,1.4572567828681768,-1.553452013907518,1,-0.5064836046192442,0,1.0
753,754,-1.2371863217304209,-1.2145201102540928,0,0.3056226561278069,1,1.0
754,755,1.6029023560897226,-0.3671903511205296,1,0.3056226561278069,1,0.0
755,756,0.8746744899819936,1.2003697032765623,1,-0.5064836046192442,1,0.0
756,757,-1.4556546815627396,-0.11299142338046066,1,1.3884310037905419,0,0.0
757,758,-0.6546040288442375,0.05647452844625199,2,-1.3185898653662953,1,0.0
758,759,-1.091540748508875,0.9038042875798152,0,-1.3185898653662953,0,0.0
759,760,1.5300795694789497,1.5393016069299876,2,1.3884310037905419,0,0.0
760,761,-1.4556546815627396,0.22594048027296462,0,0.3056226561278069,1,1.0
761,762,-0.8002496020657833,-0.45192332703388594,0,-0.5064836046192442,0,1.0
762,763,-1.164363535119648,-1.0874206463840583,1,0.3056226561278069,0,1.0
763,764,0.14644662387426452,0.43777292005635543,2,1.3884310037905419,0,1.0
764,765,-1.091540748508875,1.0732702394065279,1,-0.5064836046192442,1,1.0
765,766,-0.14484452256882713,-1.51108552595084,1,-1.3185898653662953,0,0.0
766,767,0.21926941048503742,0.014108040489573828,0,-1.3185898653662953,1,0.0
767,768,0.5105605569281291,-0.19772439929381697,1,0.3056226561278069,0,1.0
768,769,-0.14484452256882713,0.3954064320996773,0,-1.3185898653662953,0,0.0
769,770,-0.07202173595805421,1.666401070800022,2,-0.5064836046192442,1,0.0
770,771,1.2387884230358581,0.3530399441429991,2,-0.5064836046192442,0,1.0
771,772,0.8018517033712207,-0.8332217186439894,0,0.3056226561278069,0,1.0
772,773,1.0931428498143123,-0.4095568390772078,1,-0.5064836046192442,0,0.0
773,774,0.0008010506527187048,1.0732702394065279,0,1.3884310037905419,0,1.0
774,775,0.14644662387426452,0.9461707755364933,1,1.3884310037905419,0,0.0
775,776,-0.43613566901191875,-0.1553579113371388,0,-1.3185898653662953,1,0.0
776,777,0.9474972765927665,0.5648723839263899,0,-0.5064836046192442,0,0.0
777,778,0.0008010506527187048,1.1580032153198843,2,1.3884310037905419,0,0.0
778,779,0.36491498370658326,1.0309037514498496,2,-0.5064836046192442,1,0.0
779,780,-0.9458951752873291,1.0732702394065279,2,-0.5064836046192442,1,1.0
780,781,1.4572567828681768,0.9885372634931715,1,1.3884310037905419,0,0.0
781,782,0.21926941048503742,0.861437799623137,0,1.3884310037905419,0,1.0
782,783,-1.3828318949519667,0.3530399441429991,1,-0.5064836046192442,0,0.0
783,784,0.583383343538902,0.05647452844625199,1,1.3884310037905419,0,0.0
784,785,-1.2371863217304209,0.43777292005635543,0,-1.3185898653662953,0,0.0
785,786,1.384433996257404,0.3530399441429991,1,1.3884310037905419,0,1.0
786,787,-0.36331288240114584,-1.553452013907518,2,0.3056226561278069,0,0.0
787,788,1.311611209646631,-0.5366563029472423,0,-1.3185898653662953,1,1.0
788,789,-0.9458951752873291,-0.9603211825140239,2,-1.3185898653662953,0,1.0
789,790,-1.2371863217304209,0.014108040489573828,1,0.3056226561278069,1,0.0
790,791,-1.6741230413950583,0.7343383357531026,1,-0.5064836046192442,0,1.0
791,792,-1.5284774681735125,-0.3248238631638515,2,-0.5064836046192442,1,1.0
792,793,1.4572567828681768,0.09884101640293015,0,-0.5064836046192442,1,0.0
793,794,0.8018517033712207,0.014108040489573828,1,-0.5064836046192442,1,0.0
794,795,-0.36331288240114584,0.4801394080130336,0,1.3884310037905419,0,1.0
795,796,1.1659656364250852,0.9038042875798152,2,0.3056226561278069,0,1.0
796,797,-1.3828318949519667,-0.3248238631638515,0,0.3056226561278069,0,0.0
797,798,1.4572567828681768,1.2851026791899187,2,-0.5064836046192442,1,0.0
798,799,0.5105605569281291,0.43777292005635543,1,-1.3185898653662953,1,0.0
799,800,0.8746744899819936,-0.8755882066006676,2,0.3056226561278069,0,0.0
800,801,1.0203200632035394,1.3274691671465968,1,1.3884310037905419,0,0.0
801,802,-0.29049009579037294,-1.553452013907518,1,-1.3185898653662953,0,0.0
802,803,-0.5817812422334646,-0.706122254773955,1,-0.5064836046192442,0,1.0
803,804,1.6029023560897226,1.5393016069299876,0,1.3884310037905419,0,1.0
804,805,-0.14484452256882713,-0.706122254773955,1,-1.3185898653662953,1,0.0
805,806,-0.5817812422334646,1.2003697032765623,0,-1.3185898653662953,1,1.0
806,807,0.14644662387426452,-1.0450541584273803,1,-1.3185898653662953,1,0.0
807,808,-0.29049009579037294,1.115636727363206,0,1.3884310037905419,0,0.0
808,809,-1.2371863217304209,1.7087675587567002,0,1.3884310037905419,0,0.0
809,810,-0.43613566901191875,-0.706122254773955,2,0.3056226561278069,0,0.0
810,811,-1.4556546815627396,-0.0706249354237825,2,1.3884310037905419,0,0.0
811,812,0.8746744899819936,0.310673456186321,1,0.3056226561278069,0,1.0
812,813,0.07362383726349161,-0.028258447467104333,0,-1.3185898653662953,0,1.0
813,814,0.07362383726349161,-0.706122254773955,0,-0.5064836046192442,0,1.0
814,815,0.6562061301496749,-0.3671903511205296,2,-0.5064836046192442,0,1.0
815,816,1.311611209646631,-0.1553579113371388,2,0.3056226561278069,0,0.0
816,817,0.43773777031735617,-0.8332217186439894,1,-0.5064836046192442,0,1.0
817,818,-1.2371863217304209,0.1412075043596083,2,0.3056226561278069,1,0.0
818,819,1.0931428498143123,1.4969351189733096,2,-1.3185898653662953,1,0.0
819,820,-1.3828318949519667,-1.4687190379941617,1,-0.5064836046192442,0,1.0
820,821,-0.8730723886765562,1.2427361912332404,1,1.3884310037905419,0,0.0
821,822,-0.14484452256882713,-0.8755882066006676,1,-1.3185898653662953,1,1.0
822,823,-0.7274268154550104,0.5225058959697118,2,0.3056226561278069,0,1.0
823,824,-1.091540748508875,-0.11299142338046066,2,1.3884310037905419,0,1.0
824,825,-1.164363535119648,-0.4095568390772078,0,1.3884310037905419,0,1.0
825,826,-0.5817812422334646,-1.002687670470702,1,-0.5064836046192442,0,1.0
826,827,-0.5817812422334646,0.6919718477964244,0,-1.3185898653662953,1,1.0
827,828,0.07362383726349161,0.1412075043596083,2,0.3056226561278069,0,0.0
828,829,0.29209219709581036,-0.5366563029472423,2,-0.5064836046192442,1,1.0
829,830,0.7290289167604478,1.4969351189733096,2,-0.5064836046192442,1,1.0
830,831,0.5105605569281291,-1.4687190379941617,2,1.3884310037905419,0,0.0
831,832,-0.8730723886765562,-0.3248238631638515,0,1.3884310037905419,0,0.0
832,833,1.2387884230358581,-1.5958185018641964,1,0.3056226561278069,0,1.0
833,834,-1.091540748508875,-0.1553579113371388,0,1.3884310037905419,0,1.0
834,835,-0.9458951752873291,0.7767048237097808,0,-1.3185898653662953,1,1.0
835,836,0.07362383726349161,-0.028258447467104333,1,0.3056226561278069,0,0.0
836,837,0.5105605569281291,0.6919718477964244,0,-0.5064836046192442,1,0.0
837,838,0.36491498370658326,-0.24009088725049513,2,0.3056226561278069,0,0.0
838,839,0.21926941048503742,0.22594048027296462,2,-0.5064836046192442,1,1.0
839,840,0.6562061301496749,1.3698356551032749,0,0.3056226561278069,1,0.0
840,841,-0.8002496020657833,1.0309037514498496,0,0.3056226561278069,1,0.0
841,842,0.9474972765927665,-0.3248238631638515,0,-1.3185898653662953,0,1.0
842,843,-0.5817812422334646,-0.5790227909039204,1,0.3056226561278069,1,1.0
843,844,-0.36331288240114584,1.1580032153198843,2,1.3884310037905419,0,0.0
844,845,1.0203200632035394,0.861437799623137,2,-1.3185898653662953,1,0.0
845,846,-0.07202173595805421,-0.028258447467104333,1,1.3884310037905419,0,0.0
846,847,-1.4556546815627396,1.115636727363206,0,0.3056226561278069,1,1.0
847,848,1.384433996257404,-1.51108552595084,0,-1.3185898653662953,0,0.0
848,849,0.9474972765927665,1.4122021430599532,2,1.3884310037905419,0,0.0
849,850,-1.6013002547842854,1.2427361912332404,1,0.3056226561278069,1,0.0
850,851,1.4572567828681768,-0.5366563029472423,2,1.3884310037905419,0,1.0
851,852,0.583383343538902,-1.2992530861674492,1,1.3884310037905419,0,0.0
852,853,0.5105605569281291,-0.9179546945573457,1,-1.3185898653662953,1,0.0
853,854,0.7290289167604478,0.1412075043596083,0,-0.5064836046192442,0,0.0
854,855,0.29209219709581036,0.1412075043596083,2,-0.5064836046192442,0,0.0
855,856,1.6757251427004958,-0.4095568390772078,1,0.3056226561278069,0,0.0
856,857,-0.07202173595805421,0.9461707755364933,0,-0.5064836046192442,1,1.0
857,858,0.7290289167604478,1.2427361912332404,2,0.3056226561278069,1,0.0
858,859,-0.6546040288442375,0.22594048027296462,1,-1.3185898653662953,1,0.0
859,860,-1.6741230413950583,-1.51108552595084,1,-0.5064836046192442,0,0.0
860,861,1.311611209646631,1.3698356551032749,0,-1.3185898653662953,1,0.0
861,862,1.0931428498143123,1.5393016069299876,1,-0.5064836046192442,1,1.0
862,863,0.43773777031735617,0.09884101640293015,2,-1.3185898653662953,0,0.0
863,864,-1.3828318949519667,-0.6213892788605986,0,-0.5064836046192442,0,0.0
864,865,0.0008010506527187048,-1.5958185018641964,0,0.3056226561278069,0,0.0
865,866,-1.5284774681735125,-1.6381849898208745,1,1.3884310037905419,0,0.0
866,867,1.6029023560897226,0.1412075043596083,1,0.3056226561278069,1,1.0
867,868,1.6029023560897226,-0.9179546945573457,1,-0.5064836046192442,0,0.0
868,869,-1.2371863217304209,-0.6637557668172768,0,1.3884310037905419,0,1.0
869,870,-0.5817812422334646,-1.002687670470702,0,-0.5064836046192442,1,0.0
870,871,-0.07202173595805421,1.7087675587567002,0,-0.5064836046192442,1,1.0
871,872,-0.36331288240114584,-0.19772439929381697,0,-0.5064836046192442,1,0.0
872,873,1.0931428498143123,-1.2145201102540928,1,1.3884310037905419,0,1.0
873,874,-0.7274268154550104,0.5648723839263899,1,1.3884310037905419,0,1.0
874,875,0.8018517033712207,-0.24009088725049513,1,0.3056226561278069,1,1.0
875,876,-0.43613566901191875,-1.5958185018641964,0,0.3056226561278069,0,0.0
876,877,1.0203200632035394,-0.7908552306873112,2,1.3884310037905419,0,1.0
877,878,0.8018517033712207,-0.7908552306873112,1,1.3884310037905419,0,1.0
878,879,-1.3100091083411938,-1.002687670470702,0,-0.5064836046192442,1,0.0
879,880,0.8018517033712207,-1.4687190379941617,1,0.3056226561278069,0,0.0
880,881,-1.091540748508875,0.18357399231628646,0,-0.5064836046192442,1,0.0
881,882,-0.8730723886765562,-1.0450541584273803,2,-0.5064836046192442,1,1.0
882,883,-1.3828318949519667,1.2427361912332404,2,0.3056226561278069,1,0.0
883,884,0.9474972765927665,-1.256886598210771,1,-1.3185898653662953,0,1.0
884,885,-1.6741230413950583,0.1412075043596083,0,0.3056226561278069,0,1.0
885,886,-0.8002496020657833,-0.3671903511205296,2,-1.3185898653662953,0,1.0
886,887,1.1659656364250852,-0.9603211825140239,2,-0.5064836046192442,1,1.0
887,888,1.2387884230358581,-1.6381849898208745,2,1.3884310037905419,0,0.0
888,889,-1.164363535119648,-0.7908552306873112,0,0.3056226561278069,0,0.0
889,890,0.43773777031735617,-1.6381849898208745,2,0.3056226561278069,0,1.0
890,891,0.43773777031735617,-1.2992530861674492,0,-1.3185898653662953,0,0.0
891,892,1.2387884230358581,1.5393016069299876,2,1.3884310037905419,0,1.0
892,893,1.0931428498143123,-0.9179546945573457,1,1.3884310037905419,0,0.0
893,894,-0.43613566901191875,-1.0874206463840583,1,1.3884310037905419,0,0.0
894,895,-0.9458951752873291,0.7343383357531026,1,-0.5064836046192442,0,1.0
895,896,0.583383343538902,-0.1553579113371388,1,-1.3185898653662953,1,1.0
896,897,-1.3828318949519667,-0.8332217186439894,1,1.3884310037905419,0,0.0
897,898,0.0008010506527187048,1.4122021430599532,1,-1.3185898653662953,1,0.0
898,899,1.4572567828681768,-0.706122254773955,2,-1.3185898653662953,0,1.0
899,900,-0.29049009579037294,0.6496053598397462,2,-1.3185898653662953,1,1.0
900,901,1.384433996257404,0.8190713116664589,0,0.3056226561278069,0,1.0
901,902,-1.6741230413950583,-0.4942898149905641,0,-1.3185898653662953,0,1.0
902,903,1.311611209646631,0.1412075043596083,1,0.3056226561278069,0,1.0
903,904,1.5300795694789497,1.2003697032765623,0,-0.5064836046192442,1,0.0
904,905,0.21926941048503742,-1.0874206463840583,1,-1.3185898653662953,0,1.0
905,906,-0.5817812422334646,0.6072388718830681,1,0.3056226561278069,1,0.0
906,907,1.1659656364250852,-1.2992530861674492,1,-0.5064836046192442,0,1.0
907,908,-1.3100091083411938,-1.6381849898208745,1,0.3056226561278069,0,1.0
908,909,-0.9458951752873291,-1.6381849898208745,1,0.3056226561278069,0,1.0
909,910,0.7290289167604478,0.7767048237097808,0,-0.5064836046192442,1,0.0
910,911,0.583383343538902,1.0732702394065279,2,-1.3185898653662953,1,0.0
911,912,-1.0187179618981022,0.014108040489573828,2,1.3884310037905419,0,1.0
912,913,-1.6013002547842854,0.3530399441429991,2,0.3056226561278069,1,1.0
913,914,-0.7274268154550104,1.2851026791899187,2,-0.5064836046192442,1,0.0
914,915,-0.5089584556226917,-1.2992530861674492,0,-0.5064836046192442,0,0.0
915,916,-0.8002496020657833,-1.3416195741241272,2,-1.3185898653662953,0,0.0
916,917,1.1659656364250852,0.7343383357531026,2,0.3056226561278069,1,1.0
917,918,-1.4556546815627396,-0.8755882066006676,2,1.3884310037905419,0,1.0
918,919,0.0008010506527187048,-0.5790227909039204,1,0.3056226561278069,0,0.0
919,920,0.8018517033712207,-1.4687190379941617,2,1.3884310037905419,0,1.0
920,921,0.07362383726349161,-1.2145201102540928,0,0.3056226561278069,1,0.0
921,922,-1.091540748508875,0.3530399441429991,2,1.3884310037905419,0,1.0
922,923,0.8018517033712207,-1.0450541584273803,2,-0.5064836046192442,0,1.0
923,924,-1.4556546815627396,0.9038042875798152,0,0.3056226561278069,1,1.0
924,925,1.0931428498143123,-0.5790227909039204,1,-0.5064836046192442,0,0.0
925,926,-1.0187179618981022,-1.6381849898208745,1,1.3884310037905419,0,1.0
926,927,-1.091540748508875,-0.3248238631638515,2,1.3884310037905419,0,0.0
927,928,0.21926941048503742,1.4545686310166313,2,1.3884310037905419,0,0.0
928,929,-0.6546040288442375,-0.4942898149905641,0,-1.3185898653662953,1,0.0
929,930,-1.164363535119648,-1.0874206463840583,1,1.3884310037905419,0,0.0
930,931,-0.8002496020657833,1.2427361912332404,0,-0.5064836046192442,1,0.0
931,932,-0.21766730917960003,1.3698356551032749,0,-0.5064836046192442,1,0.0
932,933,1.311611209646631,0.1412075043596083,2,0.3056226561278069,0,1.0
933,934,-0.8002496020657833,-0.1553579113371388,1,1.3884310037905419,0,0.0
934,935,0.7290289167604478,1.2003697032765623,2,-0.5064836046192442,1,1.0
935,936,-0.14484452256882713,-0.706122254773955,2,1.3884310037905419,0,1.0
936,937,1.6757251427004958,1.4545686310166313,1,-1.3185898653662953,1,0.0
937,938,0.29209219709581036,0.6496053598397462,1,-1.3185898653662953,1,0.0
938,939,0.0008010506527187048,-0.6213892788605986,0,-0.5064836046192442,1,1.0
939,940,-0.29049009579037294,-0.8332217186439894,1,1.3884310037905419,0,1.0
940,941,1.4572567828681768,-1.2992530861674492,2,-1.3185898653662953,0,1.0
941,942,1.6029023560897226,0.4801394080130336,2,-0.5064836046192442,0,0.0
942,943,1.0931428498143123,1.1580032153198843,0,0.3056226561278069,1,0.0
943,944,-0.21766730917960003,0.9461707755364933,2,1.3884310037905419,0,1.0
944,945,-1.6741230413950583,0.6072388718830681,1,1.3884310037905419,0,1.0
945,946,-0.8002496020657833,0.3530399441429991,2,0.3056226561278069,0,1.0
946,947,0.07362383726349161,0.7767048237097808,2,0.3056226561278069,0,0.0
947,948,1.4572567828681768,0.3530399441429991,2,-0.5064836046192442,1,1.0
948,949,1.311611209646631,1.4122021430599532,1,-1.3185898653662953,1,1.0
949,950,-0.8730723886765562,0.7767048237097808,0,1.3884310037905419,0,0.0
950,951,1.4572567828681768,-0.5366563029472423,1,0.3056226561278069,0,0.0
951,952,1.6029023560897226,-1.4263525500374836,0,-1.3185898653662953,0,0.0
952,953,-0.8730723886765562,1.4969351189733096,2,0.3056226561278069,1,0.0
953,954,-0.8730723886765562,0.43777292005635543,2,1.3884310037905419,0,1.0
954,955,-1.2371863217304209,-0.9603211825140239,2,0.3056226561278069,1,0.0
955,956,0.07362383726349161,-0.8332217186439894,2,0.3056226561278069,0,0.0
956,957,-0.9458951752873291,0.18357399231628646,0,0.3056226561278069,1,0.0
957,958,-0.5089584556226917,0.6072388718830681,0,-0.5064836046192442,1,0.0
958,959,0.6562061301496749,-1.3416195741241272,0,1.3884310037905419,0,0.0
959,960,-0.07202173595805421,1.4122021430599532,0,1.3884310037905419,0,0.0
960,961,0.8018517033712207,-0.24009088725049513,1,0.3056226561278069,1,0.0
961,962,-0.5089584556226917,0.4801394080130336,2,-0.5064836046192442,0,1.0
962,963,-0.8730723886765562,0.05647452844625199,2,0.3056226561278069,1,1.0
963,964,-0.21766730917960003,1.5816680948866657,0,-0.5064836046192442,1,1.0
964,965,1.6029023560897226,1.0309037514498496,1,-1.3185898653662953,1,1.0
965,966,-0.07202173595805421,1.7087675587567002,2,-1.3185898653662953,1,0.0
966,967,-0.14484452256882713,-0.5790227909039204,2,-1.3185898653662953,0,1.0
967,968,0.8018517033712207,-0.7908552306873112,1,-0.5064836046192442,1,1.0
968,969,-0.7274268154550104,-0.9179546945573457,2,-1.3185898653662953,1,1.0
969,970,1.6757251427004958,0.7343383357531026,0,1.3884310037905419,0,1.0
970,971,-0.29049009579037294,-1.3416195741241272,0,-1.3185898653662953,0,1.0
971,972,-1.164363535119648,-0.028258447467104333,1,1.3884310037905419,0,1.0
972,973,-0.8002496020657833,0.9461707755364933,2,1.3884310037905419,0,1.0
973,974,1.0931428498143123,1.624034582843344,2,-1.3185898653662953,1,0.0
974,975,0.9474972765927665,0.014108040489573828,0,1.3884310037905419,0,1.0
975,976,-0.21766730917960003,0.014108040489573828,2,0.3056226561278069,0,1.0
976,977,-1.2371863217304209,0.6496053598397462,2,-1.3185898653662953,0,0.0
977,978,-1.2371863217304209,1.2003697032765623,1,-1.3185898653662953,1,1.0
978,979,-1.164363535119648,0.7343383357531026,1,-0.5064836046192442,0,1.0
979,980,0.14644662387426452,-0.11299142338046066,1,0.3056226561278069,1,1.0
980,981,-0.14484452256882713,1.2427361912332404,1,1.3884310037905419,0,1.0
981,982,0.8746744899819936,-1.0874206463840583,0,-0.5064836046192442,0,1.0
982,983,-1.4556546815627396,0.05647452844625199,2,1.3884310037905419,0,0.0
983,984,-1.2371863217304209,0.5648723839263899,2,1.3884310037905419,0,1.0
984,985,-1.4556546815627396,0.5648723839263899,0,1.3884310037905419,0,1.0
985,986,-0.43613566901191875,-0.6637557668172768,0,-1.3185898653662953,0,0.0
986,987,-1.2371863217304209,-1.51108552595084,0,1.3884310037905419,0,0.0
987,988,-0.43613566901191875,-0.1553579113371388,1,1.3884310037905419,0,0.0
988,989,-0.5089584556226917,1.3274691671465968,0,-0.5064836046192442,1,1.0
989,990,-0.21766730917960003,-0.7908552306873112,0,-1.3185898653662953,1,0.0
990,991,-1.0187179618981022,-0.4095568390772078,1,0.3056226561278069,1,0.0
991,992,-0.8002496020657833,0.9885372634931715,1,0.3056226561278069,1,1.0
992,993,-0.5817812422334646,1.4122021430599532,0,-1.3185898653662953,1,1.0
993,994,0.0008010506527187048,-1.3416195741241272,2,0.3056226561278069,0,0.0
994,995,0.14644662387426452,-1.6381849898208745,1,0.3056226561278069,0,1.0
995,996,-1.4556546815627396,0.6072388718830681,1,0.3056226561278069,1,1.0
996,997,1.5300795694789497,-0.19772439929381697,0,0.3056226561278069,0,1.0
997,998,0.0008010506527187048,-1.6381849898208745,2,-1.3185898653662953,0,0.0
998,999,-1.3828318949519667,-1.256886598210771,2,0.3056226561278069,0,1.0
999,1000,0.583383343538902,-0.9603211825140239,2,-0.5064836046192442,0,0.0
